{
  "loan_amnt": [
    7.313886831633462,
    10.463131911491967
  ],
  "funded_amnt": [
    7.313886831633462,
    10.463131911491967
  ],
  "term": [
    36.0,
    60.0
  ],
  "int_rate": [
    5.32,
    25.8
  ],
  "installment": [
    3.9506666290203505,
    7.101774813521901
  ],
  "emp_length": [
    0.0,
    10.0
  ],
  "annual_inc": [
    9.814929525554337,
    12.483708170000067
  ],
  "dti": [
    1.000631880307906,
    3.6656108271745818
  ],
  "delinq_2yrs": [
    0.0,
    1.6094379124341003
  ],
  "fico_range_low": [
    660.0,
    805.0
  ],
  "fico_range_high": [
    664.0,
    809.0
  ],
  "inq_last_6mths": [
    0.0,
    1.6094379124341003
  ],
  "open_acc": [
    1.3862943611198906,
    3.4011973816621555
  ],
  "pub_rec": [
    0.0,
    1.0986122886681098
  ],
  "revol_bal": [
    5.14166355650266,
    11.49524773047997
  ],
  "revol_util": [
    0.6931471805599453,
    4.596129441335942
  ],
  "total_acc": [
    1.791759469228055,
    4.127134385045092
  ],
  "grade": [
    1.0,
    6.0
  ],
  "sub_grade": [
    1.0,
    28.0
  ]
}