{
  "cost_fn": 1000.0,
  "cost_fp": 100.0,
  "thresholds": {
    "max_f1": 8.695663452148438,
    "min_cost": 6.251810550689697,
    "recall90": 0.9197659492492676
  },
  "test_reports": {
    "Max F1": {
      "threshold": 8.695663452148438,
      "tp": 166,
      "fp": 68,
      "fn": 80,
      "tn": 42580,
      "precision": 0.7094017093986777,
      "recall": 0.6747967479647367,
      "f1": 0.6916666661640972,
      "fpr": 0.001594447570812193,
      "cost": 86800.0
    },
    "Min Cost": {
      "threshold": 6.251810550689697,
      "tp": 197,
      "fp": 164,
      "fn": 49,
      "tn": 42484,
      "precision": 0.5457063711896241,
      "recall": 0.800813008126826,
      "f1": 0.6490939039639135,
      "fpr": 0.003845432376664701,
      "cost": 65400.0
    },
    "Recall >= 90%": {
      "threshold": 0.9197659492492676,
      "tp": 229,
      "fp": 8596,
      "fn": 17,
      "tn": 34052,
      "precision": 0.025949008498580627,
      "recall": 0.9308943089393054,
      "f1": 0.05049057430506468,
      "fpr": 0.20155693115737663,
      "cost": 876600.0
    }
  }
}